version,file_url,method,id,checked
jdk-20,https://github.com/eisop/jdk/tree/jdk-20/src/jdk.zipfs/share/classes/jdk/nio/zipfs/ZipPath.java,public Path resolveSibling(String other);,0,False
jdk-20,https://github.com/eisop/jdk/tree/jdk-20/src/jdk.zipfs/share/classes/jdk/nio/zipfs/ZipPath.java,public boolean startsWith(String other);,1,False
jdk-20,https://github.com/eisop/jdk/tree/jdk-20/src/jdk.zipfs/share/classes/jdk/nio/zipfs/ZipPath.java,public boolean endsWith(String other);,2,False
jdk-20,https://github.com/eisop/jdk/tree/jdk-20/src/jdk.zipfs/share/classes/jdk/nio/zipfs/ZipPath.java,public File toFile();,3,False
jdk-20,https://github.com/eisop/jdk/tree/jdk-20/src/jdk.zipfs/share/classes/jdk/nio/zipfs/ZipPath.java,ZipFileAttributes readAttributesIfExists() throws IOException;,4,False
jdk-20,https://github.com/eisop/jdk/tree/jdk-20/src/jdk.zipfs/share/classes/jdk/nio/zipfs/ZipPath.java,boolean exists();,5,False
jdk-20,https://github.com/eisop/jdk/tree/jdk-20/src/java.compiler/share/classes/javax/lang/model/util/Elements.java,default boolean isCanonicalConstructor(ExecutableElement e);,0,False
jdk-20,https://github.com/eisop/jdk/tree/jdk-20/src/java.compiler/share/classes/javax/lang/model/util/Elements.java,default boolean isCompactConstructor(ExecutableElement e);,1,False
jdk-20,https://github.com/eisop/jdk/tree/jdk-20/src/jdk.compiler/share/classes/com/sun/tools/javac/tree/TreeInfo.java,"public static DiagnosticPosition diagnosticPositionFor(final Symbol sym, final JCTree tree, boolean returnNullIfNotFound, Predicate<? super JCTree> filter);",0,False
jdk-20,https://github.com/eisop/jdk/tree/jdk-20/src/jdk.compiler/share/classes/com/sun/tools/javac/tree/TreeInfo.java,"protected boolean checkMatch(JCTree that, Symbol thatSym);",1,False
jdk-20,https://github.com/eisop/jdk/tree/jdk-20/src/jdk.compiler/share/classes/com/sun/tools/javac/tree/TreeInfo.java,public static JCPattern skipParens(JCPattern tree);,2,False
jdk-20,https://github.com/eisop/jdk/tree/jdk-20/src/jdk.compiler/share/classes/com/sun/tools/javac/code/Type.java,public void setNormal();,0,False
jdk-20,https://github.com/eisop/jdk/tree/jdk-20/src/jdk.compiler/share/classes/com/sun/tools/javac/code/Symbol.java,public RecordComponent findRecordComponentToRemove(JCVariableDecl var);,0,False
jdk-20,https://github.com/eisop/jdk/tree/jdk-20/src/jdk.compiler/share/classes/com/sun/tools/javac/code/Symbol.java,"public RecordComponent createRecordComponent(RecordComponent existing, JCVariableDecl rcDecl, VarSymbol varSym);",1,False
jdk-20,https://github.com/eisop/jdk/tree/jdk-20/src/jdk.compiler/share/classes/com/sun/tools/javac/code/Symbol.java,"public RecordComponent(VarSymbol field, JCVariableDecl ast) {",2,False
jdk-20,https://github.com/eisop/jdk/tree/jdk-20/src/jdk.compiler/share/classes/com/sun/tools/javac/code/Symbol.java,"public RecordComponent(VarSymbol field, JCVariableDecl ast, boolean isVarargs) {",3,False
jdk-20,https://github.com/eisop/jdk/tree/jdk-20/src/jdk.compiler/share/classes/com/sun/tools/javac/code/Symbol.java,public JCVariableDecl declarationFor();,4,False
jdk-20,https://github.com/eisop/jdk/tree/jdk-20/src/java.base/unix/classes/sun/nio/fs/UnixFileSystem.java,protected static class Flags {,0,False
jdk-20,https://github.com/eisop/jdk/tree/jdk-20/src/java.base/unix/classes/sun/nio/fs/UnixFileSystem.java,static Flags fromCopyOptions(CopyOption... options);,2,False
jdk-20,https://github.com/eisop/jdk/tree/jdk-20/src/java.base/unix/classes/sun/nio/fs/UnixFileSystem.java,static Flags fromMoveOptions(CopyOption... options);,3,False
jdk-20,https://github.com/eisop/jdk/tree/jdk-20/src/java.base/unix/classes/sun/nio/fs/UnixFileSystem.java,"int directCopy(int dst, int src, long addressToPollForCancel) throws UnixException;",4,False
jdk-20,https://github.com/eisop/jdk/tree/jdk-20/src/java.base/unix/classes/sun/nio/fs/UnixFileSystem.java,"void bufferedCopy(int dst, int src, long address, int size, long addressToPollForCancel) throws UnixException;",5,False
jdk-20,https://github.com/eisop/jdk/tree/jdk-20/src/java.base/unix/classes/sun/nio/fs/UnixFileSystem.java,"void copyFile(UnixPath source, UnixFileAttributes attrs, UnixPath target, Flags flags, long addressToPollForCancel) throws IOException;",6,False
jdk-20,https://github.com/eisop/jdk/tree/jdk-20/src/java.base/unix/classes/sun/nio/fs/UnixFileSystem.java,static void ensureEmptyDir(UnixPath dir) throws IOException;,7,False
jdk-20,https://github.com/eisop/jdk/tree/jdk-20/src/java.base/unix/classes/sun/nio/fs/UnixFileSystem.java,"void move(UnixPath source, UnixPath target, CopyOption... options) throws IOException;",8,False
jdk-20,https://github.com/eisop/jdk/tree/jdk-20/src/java.base/unix/classes/sun/nio/fs/UnixFileSystem.java,"void copy(final UnixPath source, final UnixPath target, CopyOption... options) throws IOException;",9,False
jdk-20,https://github.com/eisop/jdk/tree/jdk-20/src/java.base/unix/classes/sun/nio/fs/UnixFileSystem.java,boolean isCaseInsensitiveAndPreserving();,1,False
jdk-20,https://github.com/eisop/jdk/tree/jdk-20/src/java.base/share/classes/sun/net/www/HeaderParser.java,public OptionalInt findInt(String k);,0,False
jdk-20,https://github.com/eisop/jdk/tree/jdk-20/src/java.base/share/classes/sun/net/www/protocol/https/HttpsClient.java,public void closeServer();,0,False
jdk-20,https://github.com/eisop/jdk/tree/jdk-20/src/java.base/share/classes/sun/net/www/protocol/https/HttpsClient.java,@Override,1,False
jdk-20,https://github.com/eisop/jdk/tree/jdk-20/src/java.base/share/classes/sun/net/www/http/KeepAliveCache.java,HttpClient put(HttpClient h);,0,False
jdk-20,https://github.com/eisop/jdk/tree/jdk-20/src/java.base/share/classes/sun/security/util/ObjectIdentifier.java,void encode(DerOutputStream out);,0,False
jdk-20,https://github.com/eisop/jdk/tree/jdk-20/src/java.base/share/classes/sun/security/util/DerValue.java,public void encode(DerOutputStream out);,0,False
jdk-20,https://github.com/eisop/jdk/tree/jdk-20/src/java.base/share/classes/sun/security/util/DerValue.java,public byte[] getDataBytes();,1,False
jdk-20,https://github.com/eisop/jdk/tree/jdk-20/src/java.base/share/classes/sun/security/util/DerValue.java,public byte[] toByteArray();,2,False
jdk-20,https://github.com/eisop/jdk/tree/jdk-20/src/java.base/share/classes/sun/security/util/SignatureFileVerifier.java,"public void process(Hashtable<String, CodeSigner[]> signers, List<Object> manifestDigests, String manifestName) throws IOException, SignatureException, NoSuchAlgorithmException, CertificateException;",0,False
jdk-20,https://github.com/eisop/jdk/tree/jdk-20/src/java.base/share/classes/sun/security/provider/certpath/ResponderId.java,public enum Type {,0,False
jdk-20,https://github.com/eisop/jdk/tree/jdk-20/src/java.base/share/classes/sun/security/x509/X500Name.java,@Override,0,False
jdk-20,https://github.com/eisop/jdk/tree/jdk-20/src/java.base/share/classes/sun/security/x509/X500Name.java,public void encode(DerOutputStream out);,1,False
jdk-20,https://github.com/eisop/jdk/tree/jdk-20/src/java.base/share/classes/sun/security/x509/GeneralSubtrees.java,"public class GeneralSubtrees implements Cloneable, DerEncoder {",0,False
jdk-20,https://github.com/eisop/jdk/tree/jdk-20/src/java.base/share/classes/sun/security/x509/GeneralSubtrees.java,@Override,1,False
jdk-20,https://github.com/eisop/jdk/tree/jdk-20/src/java.base/share/classes/sun/security/x509/GeneralSubtrees.java,public void encode(DerOutputStream out);,2,False
jdk-20,https://github.com/eisop/jdk/tree/jdk-20/src/java.base/share/classes/sun/security/x509/CRLExtensions.java,"public void encode(DerOutputStream out, boolean isExplicit);",0,False
jdk-20,https://github.com/eisop/jdk/tree/jdk-20/src/java.base/share/classes/sun/security/x509/CRLExtensions.java,public Extension getExtension(String alias);,1,False
jdk-20,https://github.com/eisop/jdk/tree/jdk-20/src/java.base/share/classes/sun/security/x509/CRLExtensions.java,"public void setExtension(String alias, Extension ext);",2,False
jdk-20,https://github.com/eisop/jdk/tree/jdk-20/src/java.base/share/classes/sun/security/x509/Extension.java,"public class Extension implements java.security.cert.Extension, DerEncoder {",0,False
jdk-20,https://github.com/eisop/jdk/tree/jdk-20/src/java.base/share/classes/sun/security/x509/Extension.java,@Override,1,False
jdk-20,https://github.com/eisop/jdk/tree/jdk-20/src/java.base/share/classes/sun/security/x509/Extension.java,public final void encode(OutputStream out) throws IOException;,2,False
jdk-20,https://github.com/eisop/jdk/tree/jdk-20/src/java.base/share/classes/sun/security/x509/Extension.java,@Override,3,False
jdk-20,https://github.com/eisop/jdk/tree/jdk-20/src/java.base/share/classes/sun/security/x509/Extension.java,public void encode(DerOutputStream out);,4,False
jdk-20,https://github.com/eisop/jdk/tree/jdk-20/src/java.base/share/classes/sun/security/x509/Extension.java,public String getName();,5,False
jdk-20,https://github.com/eisop/jdk/tree/jdk-20/src/java.base/share/classes/sun/security/x509/GeneralNames.java,public void encode(DerOutputStream out);,0,False
jdk-20,https://github.com/eisop/jdk/tree/jdk-20/src/java.base/share/classes/sun/security/x509/URIName.java,@Override,0,False
jdk-20,https://github.com/eisop/jdk/tree/jdk-20/src/java.base/share/classes/sun/security/x509/URIName.java,public void encode(DerOutputStream out);,1,False
jdk-20,https://github.com/eisop/jdk/tree/jdk-20/src/java.base/share/classes/sun/security/x509/DNSName.java,@Override,0,False
jdk-20,https://github.com/eisop/jdk/tree/jdk-20/src/java.base/share/classes/sun/security/x509/DNSName.java,public void encode(DerOutputStream out);,1,False
jdk-20,https://github.com/eisop/jdk/tree/jdk-20/src/java.base/share/classes/sun/security/x509/X509Key.java,"public class X509Key implements PublicKey, DerEncoder {",0,False
jdk-20,https://github.com/eisop/jdk/tree/jdk-20/src/java.base/share/classes/sun/security/x509/X509Key.java,protected void parseKeyBits() throws InvalidKeyException;,1,False
jdk-20,https://github.com/eisop/jdk/tree/jdk-20/src/java.base/share/classes/sun/security/x509/X509Key.java,@Override,2,False
jdk-20,https://github.com/eisop/jdk/tree/jdk-20/src/java.base/share/classes/sun/security/x509/X509Key.java,public final void encode(DerOutputStream out);,3,False
jdk-20,https://github.com/eisop/jdk/tree/jdk-20/src/java.base/share/classes/sun/security/x509/X509Key.java,public byte[] getEncodedInternal();,4,False
jdk-20,https://github.com/eisop/jdk/tree/jdk-20/src/java.base/share/classes/sun/security/x509/X509Key.java,public byte[] encode();,5,False
jdk-20,https://github.com/eisop/jdk/tree/jdk-20/src/java.base/share/classes/sun/security/x509/X509Key.java,"static void encode(DerOutputStream out, AlgorithmId algid, BitArray key);",6,False
jdk-20,https://github.com/eisop/jdk/tree/jdk-20/src/java.base/share/classes/sun/security/x509/GeneralName.java,public class GeneralName implements DerEncoder {,0,False
jdk-20,https://github.com/eisop/jdk/tree/jdk-20/src/java.base/share/classes/sun/security/x509/GeneralName.java,@Override,1,False
jdk-20,https://github.com/eisop/jdk/tree/jdk-20/src/java.base/share/classes/sun/security/x509/GeneralName.java,public void encode(DerOutputStream out);,2,False
jdk-20,https://github.com/eisop/jdk/tree/jdk-20/src/java.base/share/classes/sun/security/x509/X509CertInfo.java,public class X509CertInfo {,0,False
jdk-20,https://github.com/eisop/jdk/tree/jdk-20/src/java.base/share/classes/sun/security/x509/X509CertInfo.java,public void encode(DerOutputStream out) throws CertificateException;,1,False
jdk-20,https://github.com/eisop/jdk/tree/jdk-20/src/java.base/share/classes/sun/security/x509/X509CertInfo.java,public CertificateExtensions getExtensions();,2,False
jdk-20,https://github.com/eisop/jdk/tree/jdk-20/src/java.base/share/classes/sun/security/x509/X509CertInfo.java,public UniqueIdentity getIssuerUniqueId();,3,False
jdk-20,https://github.com/eisop/jdk/tree/jdk-20/src/java.base/share/classes/sun/security/x509/X509CertInfo.java,public UniqueIdentity getSubjectUniqueId();,4,False
jdk-20,https://github.com/eisop/jdk/tree/jdk-20/src/java.base/share/classes/sun/security/x509/X509CertInfo.java,public X500Name getIssuer();,5,False
jdk-20,https://github.com/eisop/jdk/tree/jdk-20/src/java.base/share/classes/sun/security/x509/X509CertInfo.java,public X500Name getSubject();,6,False
jdk-20,https://github.com/eisop/jdk/tree/jdk-20/src/java.base/share/classes/sun/security/x509/X509CertInfo.java,public void setVersion(CertificateVersion val);,7,False
jdk-20,https://github.com/eisop/jdk/tree/jdk-20/src/java.base/share/classes/sun/security/x509/X509CertInfo.java,public CertificateVersion getVersion();,8,False
jdk-20,https://github.com/eisop/jdk/tree/jdk-20/src/java.base/share/classes/sun/security/x509/X509CertInfo.java,public void setSerialNumber(CertificateSerialNumber val);,9,False
jdk-20,https://github.com/eisop/jdk/tree/jdk-20/src/java.base/share/classes/sun/security/x509/X509CertInfo.java,public CertificateSerialNumber getSerialNumber();,10,False
jdk-20,https://github.com/eisop/jdk/tree/jdk-20/src/java.base/share/classes/sun/security/x509/X509CertInfo.java,public void setAlgorithmId(CertificateAlgorithmId val);,11,False
jdk-20,https://github.com/eisop/jdk/tree/jdk-20/src/java.base/share/classes/sun/security/x509/X509CertInfo.java,public CertificateAlgorithmId getAlgorithmId();,12,False
jdk-20,https://github.com/eisop/jdk/tree/jdk-20/src/java.base/share/classes/sun/security/x509/X509CertInfo.java,public void setIssuer(X500Name val);,13,False
jdk-20,https://github.com/eisop/jdk/tree/jdk-20/src/java.base/share/classes/sun/security/x509/X509CertInfo.java,public void setValidity(CertificateValidity val);,14,False
jdk-20,https://github.com/eisop/jdk/tree/jdk-20/src/java.base/share/classes/sun/security/x509/X509CertInfo.java,public CertificateValidity getValidity();,15,False
jdk-20,https://github.com/eisop/jdk/tree/jdk-20/src/java.base/share/classes/sun/security/x509/X509CertInfo.java,public void setSubject(X500Name val) throws CertificateException;,16,False
jdk-20,https://github.com/eisop/jdk/tree/jdk-20/src/java.base/share/classes/sun/security/x509/X509CertInfo.java,public void setKey(CertificateX509Key val);,17,False
jdk-20,https://github.com/eisop/jdk/tree/jdk-20/src/java.base/share/classes/sun/security/x509/X509CertInfo.java,public CertificateX509Key getKey();,18,False
jdk-20,https://github.com/eisop/jdk/tree/jdk-20/src/java.base/share/classes/sun/security/x509/X509CertInfo.java,public void setIssuerUniqueId(UniqueIdentity val) throws CertificateException;,19,False
jdk-20,https://github.com/eisop/jdk/tree/jdk-20/src/java.base/share/classes/sun/security/x509/X509CertInfo.java,public void setSubjectUniqueId(UniqueIdentity val) throws CertificateException;,20,False
jdk-20,https://github.com/eisop/jdk/tree/jdk-20/src/java.base/share/classes/sun/security/x509/X509CertInfo.java,public void setExtensions(CertificateExtensions val) throws CertificateException;,21,False
jdk-20,https://github.com/eisop/jdk/tree/jdk-20/src/java.base/share/classes/sun/security/x509/IPAddressName.java,@Override,0,False
jdk-20,https://github.com/eisop/jdk/tree/jdk-20/src/java.base/share/classes/sun/security/x509/IPAddressName.java,public void encode(DerOutputStream out);,1,False
jdk-20,https://github.com/eisop/jdk/tree/jdk-20/src/java.base/share/classes/sun/security/x509/OIDName.java,@Override,0,False
jdk-20,https://github.com/eisop/jdk/tree/jdk-20/src/java.base/share/classes/sun/security/x509/OIDName.java,public void encode(DerOutputStream out);,1,False
jdk-20,https://github.com/eisop/jdk/tree/jdk-20/src/java.base/share/classes/sun/security/x509/AVA.java,@Override,0,False
jdk-20,https://github.com/eisop/jdk/tree/jdk-20/src/java.base/share/classes/sun/security/x509/AVA.java,public void encode(DerOutputStream out);,1,False
jdk-20,https://github.com/eisop/jdk/tree/jdk-20/src/java.base/share/classes/sun/security/x509/KeyIdentifier.java,void encode(DerOutputStream out);,0,False
jdk-20,https://github.com/eisop/jdk/tree/jdk-20/src/java.base/share/classes/sun/security/x509/EDIPartyName.java,@Override,0,False
jdk-20,https://github.com/eisop/jdk/tree/jdk-20/src/java.base/share/classes/sun/security/x509/EDIPartyName.java,public void encode(DerOutputStream out);,1,False
jdk-20,https://github.com/eisop/jdk/tree/jdk-20/src/java.base/share/classes/sun/security/x509/PolicyInformation.java,public class PolicyInformation implements DerEncoder {,0,False
jdk-20,https://github.com/eisop/jdk/tree/jdk-20/src/java.base/share/classes/sun/security/x509/PolicyInformation.java,@Override,1,False
jdk-20,https://github.com/eisop/jdk/tree/jdk-20/src/java.base/share/classes/sun/security/x509/PolicyInformation.java,public void encode(DerOutputStream out);,2,False
jdk-20,https://github.com/eisop/jdk/tree/jdk-20/src/java.base/share/classes/sun/security/x509/OtherName.java,@Override,0,False
jdk-20,https://github.com/eisop/jdk/tree/jdk-20/src/java.base/share/classes/sun/security/x509/OtherName.java,public void encode(DerOutputStream out);,1,False
jdk-20,https://github.com/eisop/jdk/tree/jdk-20/src/java.base/share/classes/sun/security/x509/RDN.java,void encode(DerOutputStream out);,0,False
jdk-20,https://github.com/eisop/jdk/tree/jdk-20/src/java.base/share/classes/sun/security/x509/CertificatePolicyId.java,public class CertificatePolicyId implements DerEncoder {,0,False
jdk-20,https://github.com/eisop/jdk/tree/jdk-20/src/java.base/share/classes/sun/security/x509/CertificatePolicyId.java,@Override,1,False
jdk-20,https://github.com/eisop/jdk/tree/jdk-20/src/java.base/share/classes/sun/security/x509/CertificatePolicyId.java,public void encode(DerOutputStream out);,2,False
jdk-20,https://github.com/eisop/jdk/tree/jdk-20/src/java.base/share/classes/sun/security/x509/DistributionPointName.java,public class DistributionPointName implements DerEncoder {,0,False
jdk-20,https://github.com/eisop/jdk/tree/jdk-20/src/java.base/share/classes/sun/security/x509/DistributionPointName.java,@Override,1,False
jdk-20,https://github.com/eisop/jdk/tree/jdk-20/src/java.base/share/classes/sun/security/x509/DistributionPointName.java,public void encode(DerOutputStream out);,2,False
jdk-20,https://github.com/eisop/jdk/tree/jdk-20/src/java.base/share/classes/sun/security/x509/CertificateExtensions.java,public class CertificateExtensions implements DerEncoder {,0,False
jdk-20,https://github.com/eisop/jdk/tree/jdk-20/src/java.base/share/classes/sun/security/x509/CertificateExtensions.java,@Override,1,False
jdk-20,https://github.com/eisop/jdk/tree/jdk-20/src/java.base/share/classes/sun/security/x509/CertificateExtensions.java,public void encode(DerOutputStream out);,2,False
jdk-20,https://github.com/eisop/jdk/tree/jdk-20/src/java.base/share/classes/sun/security/x509/CertificateExtensions.java,"public void encode(DerOutputStream out, boolean isCertReq);",3,False
jdk-20,https://github.com/eisop/jdk/tree/jdk-20/src/java.base/share/classes/sun/security/x509/CertificateExtensions.java,"public void setExtension(String name, Extension ext);",4,False
jdk-20,https://github.com/eisop/jdk/tree/jdk-20/src/java.base/share/classes/sun/security/x509/CertificateExtensions.java,public Extension getExtension(String alias);,5,False
jdk-20,https://github.com/eisop/jdk/tree/jdk-20/src/java.base/share/classes/sun/security/x509/CertificateExtensions.java,public String getNameByOid(ObjectIdentifier oid);,6,False
jdk-20,https://github.com/eisop/jdk/tree/jdk-20/src/java.base/share/classes/sun/security/x509/RFC822Name.java,@Override,0,False
jdk-20,https://github.com/eisop/jdk/tree/jdk-20/src/java.base/share/classes/sun/security/x509/RFC822Name.java,public void encode(DerOutputStream out);,1,False
jdk-20,https://github.com/eisop/jdk/tree/jdk-20/src/java.base/share/classes/sun/security/x509/DistributionPoint.java,public class DistributionPoint implements DerEncoder {,0,False
jdk-20,https://github.com/eisop/jdk/tree/jdk-20/src/java.base/share/classes/sun/security/x509/DistributionPoint.java,@Override,1,False
jdk-20,https://github.com/eisop/jdk/tree/jdk-20/src/java.base/share/classes/sun/security/x509/DistributionPoint.java,public void encode(DerOutputStream out);,2,False
jdk-20,https://github.com/eisop/jdk/tree/jdk-20/src/java.base/share/classes/sun/security/x509/GeneralSubtree.java,public class GeneralSubtree implements DerEncoder {,0,False
jdk-20,https://github.com/eisop/jdk/tree/jdk-20/src/java.base/share/classes/sun/security/x509/GeneralSubtree.java,@Override,1,False
jdk-20,https://github.com/eisop/jdk/tree/jdk-20/src/java.base/share/classes/sun/security/x509/GeneralSubtree.java,public void encode(DerOutputStream out);,2,False
jdk-20,https://github.com/eisop/jdk/tree/jdk-20/src/java.base/share/classes/sun/security/x509/AccessDescription.java,public void encode(DerOutputStream out);,0,False
jdk-20,https://github.com/eisop/jdk/tree/jdk-20/src/java.base/share/classes/sun/security/x509/AlgorithmId.java,@Override,0,False
jdk-20,https://github.com/eisop/jdk/tree/jdk-20/src/java.base/share/classes/sun/security/x509/AlgorithmId.java,public void encode(DerOutputStream out);,1,False
jdk-20,https://github.com/eisop/jdk/tree/jdk-20/src/java.base/share/classes/sun/security/x509/AlgorithmId.java,public final byte[] encode();,2,False
jdk-20,https://github.com/eisop/jdk/tree/jdk-20/src/java.base/share/classes/sun/security/pkcs10/PKCS10.java,"public void encodeAndSign(X500Name subject, PrivateKey key, String algorithm) throws SignatureException, NoSuchAlgorithmException, InvalidKeyException;",0,False
jdk-20,https://github.com/eisop/jdk/tree/jdk-20/src/java.base/share/classes/sun/security/pkcs10/PKCS10Attributes.java,@Override,0,False
jdk-20,https://github.com/eisop/jdk/tree/jdk-20/src/java.base/share/classes/sun/security/pkcs10/PKCS10Attributes.java,public void encode(DerOutputStream out);,1,False
jdk-20,https://github.com/eisop/jdk/tree/jdk-20/src/java.base/share/classes/sun/security/pkcs/EncryptedPrivateKeyInfo.java,public byte[] getEncoded();,0,False
jdk-20,https://github.com/eisop/jdk/tree/jdk-20/src/java.base/share/classes/sun/nio/ch/FileChannelImpl.java,"public MemorySegment map(MapMode mode, long offset, long size, SegmentScope session) throws IOException;",0,False
jdk-20,https://github.com/eisop/jdk/tree/jdk-20/src/java.base/share/classes/sun/nio/ch/FileDispatcher.java,abstract long allocationGranularity();,0,False
jdk-20,https://github.com/eisop/jdk/tree/jdk-20/src/java.base/share/classes/sun/nio/ch/FileDispatcher.java,"abstract long map(FileDescriptor fd, int prot, long position, long length, boolean isSync) throws IOException;",1,False
jdk-20,https://github.com/eisop/jdk/tree/jdk-20/src/java.base/share/classes/sun/nio/ch/FileDispatcher.java,"abstract int unmap(long address, long length);",2,False
jdk-20,https://github.com/eisop/jdk/tree/jdk-20/src/java.base/share/classes/sun/nio/ch/FileDispatcher.java,abstract int maxDirectTransferSize();,3,False
jdk-20,https://github.com/eisop/jdk/tree/jdk-20/src/java.base/share/classes/sun/nio/ch/FileDispatcher.java,"abstract long transferTo(FileDescriptor src, long position, long count, FileDescriptor dst, boolean append);",4,False
jdk-20,https://github.com/eisop/jdk/tree/jdk-20/src/java.base/share/classes/sun/nio/ch/FileDispatcher.java,"abstract long transferFrom(FileDescriptor src, FileDescriptor dst, long position, long count, boolean append);",5,False
jdk-20,https://github.com/eisop/jdk/tree/jdk-20/src/java.base/share/classes/jdk/internal/module/ModuleReferenceImpl.java,"private record CachedHash(byte[] hash, String algorithm) {",0,False
jdk-20,https://github.com/eisop/jdk/tree/jdk-20/src/java.base/share/classes/java/net/URL.java,@Deprecated(),0,False
jdk-20,https://github.com/eisop/jdk/tree/jdk-20/src/java.base/share/classes/java/net/URL.java,@Deprecated(),1,False
jdk-20,https://github.com/eisop/jdk/tree/jdk-20/src/java.base/share/classes/java/net/URL.java,@Deprecated(),2,False
jdk-20,https://github.com/eisop/jdk/tree/jdk-20/src/java.base/share/classes/java/net/URL.java,@Deprecated(),3,False
jdk-20,https://github.com/eisop/jdk/tree/jdk-20/src/java.base/share/classes/java/net/URL.java,@Deprecated(),4,False
jdk-20,https://github.com/eisop/jdk/tree/jdk-20/src/java.base/share/classes/java/net/URL.java,@Deprecated(),5,False
jdk-20,https://github.com/eisop/jdk/tree/jdk-20/src/java.base/share/classes/java/net/URL.java,"public static URL of(URI uri, URLStreamHandler handler) throws MalformedURLException;",6,False
jdk-20,https://github.com/eisop/jdk/tree/jdk-20/src/java.base/share/classes/java/net/URL.java,static String lowerCaseProtocol(String protocol);,7,False
jdk-20,https://github.com/eisop/jdk/tree/jdk-20/src/java.base/share/classes/java/util/IdentityHashMap.java,@Override,0,False
jdk-20,https://github.com/eisop/jdk/tree/jdk-20/src/java.base/share/classes/java/util/IdentityHashMap.java,"public boolean remove(Object key, Object value);",1,False
jdk-20,https://github.com/eisop/jdk/tree/jdk-20/src/java.base/share/classes/java/util/IdentityHashMap.java,@Override,2,False
jdk-20,https://github.com/eisop/jdk/tree/jdk-20/src/java.base/share/classes/java/util/IdentityHashMap.java,"public boolean replace(K key, V oldValue, V newValue);",3,False
jdk-20,https://github.com/eisop/jdk/tree/jdk-20/src/java.base/share/classes/java/util/stream/Collectors.java,"record CollectorImpl<T, A, R>(Supplier<A> supplier, BiConsumer<A, T> accumulator, BinaryOperator<A> combiner, Function<A, R> finisher, Set<Characteristics> characteristics) implements Collector<T, A, R> {",0,False
jdk-20,https://github.com/eisop/jdk/tree/jdk-20/src/java.base/share/classes/java/util/jar/JarVerifier.java,public Certificate[] getCerts(JarEntry entry);,0,False
jdk-20,https://github.com/eisop/jdk/tree/jdk-20/src/java.base/share/classes/java/util/jar/JarVerifier.java,public CodeSigner[] getCodeSigners(JarEntry entry);,1,False
jdk-20,https://github.com/eisop/jdk/tree/jdk-20/src/java.base/share/classes/java/util/regex/Matcher.java,@Override,0,False
jdk-20,https://github.com/eisop/jdk/tree/jdk-20/src/java.base/share/classes/java/util/regex/Matcher.java,"public Map<String, Integer> namedGroups();",1,False
jdk-20,https://github.com/eisop/jdk/tree/jdk-20/src/java.base/share/classes/java/util/regex/Matcher.java,@Override,2,False
jdk-20,https://github.com/eisop/jdk/tree/jdk-20/src/java.base/share/classes/java/util/regex/Matcher.java,public boolean hasMatch();,3,False
jdk-20,https://github.com/eisop/jdk/tree/jdk-20/src/java.base/share/classes/java/util/regex/Matcher.java,@Override,4,False
jdk-20,https://github.com/eisop/jdk/tree/jdk-20/src/java.base/share/classes/java/util/regex/Matcher.java,"public Map<String, Integer> namedGroups();",5,False
jdk-20,https://github.com/eisop/jdk/tree/jdk-20/src/java.base/share/classes/java/util/regex/Matcher.java,@Override,6,False
jdk-20,https://github.com/eisop/jdk/tree/jdk-20/src/java.base/share/classes/java/util/regex/Matcher.java,public boolean hasMatch();,7,False
jdk-20,https://github.com/eisop/jdk/tree/jdk-20/src/java.base/share/classes/java/util/regex/Pattern.java,"public Map<String, Integer> namedGroups();",0,False
jdk-20,https://github.com/eisop/jdk/tree/jdk-20/src/java.base/share/classes/java/util/regex/MatchResult.java,int start();,0,False
jdk-20,https://github.com/eisop/jdk/tree/jdk-20/src/java.base/share/classes/java/util/regex/MatchResult.java,int start(int group);,1,False
jdk-20,https://github.com/eisop/jdk/tree/jdk-20/src/java.base/share/classes/java/util/regex/MatchResult.java,default int start(String name);,2,False
jdk-20,https://github.com/eisop/jdk/tree/jdk-20/src/java.base/share/classes/java/util/regex/MatchResult.java,int end();,3,False
jdk-20,https://github.com/eisop/jdk/tree/jdk-20/src/java.base/share/classes/java/util/regex/MatchResult.java,int end(int group);,4,False
jdk-20,https://github.com/eisop/jdk/tree/jdk-20/src/java.base/share/classes/java/util/regex/MatchResult.java,default int end(String name);,5,False
jdk-20,https://github.com/eisop/jdk/tree/jdk-20/src/java.base/share/classes/java/util/regex/MatchResult.java,String group();,6,False
jdk-20,https://github.com/eisop/jdk/tree/jdk-20/src/java.base/share/classes/java/util/regex/MatchResult.java,String group(int group);,7,False
jdk-20,https://github.com/eisop/jdk/tree/jdk-20/src/java.base/share/classes/java/util/regex/MatchResult.java,@Nullable,8,False
jdk-20,https://github.com/eisop/jdk/tree/jdk-20/src/java.base/share/classes/java/util/regex/MatchResult.java,default String group(String name);,9,False
jdk-20,https://github.com/eisop/jdk/tree/jdk-20/src/java.base/share/classes/java/util/regex/MatchResult.java,int groupCount();,10,False
jdk-20,https://github.com/eisop/jdk/tree/jdk-20/src/java.base/share/classes/java/util/regex/MatchResult.java,"default Map<String, Integer> namedGroups();",11,False
jdk-20,https://github.com/eisop/jdk/tree/jdk-20/src/java.base/share/classes/java/util/regex/MatchResult.java,private int groupNumber(String name);,12,False
jdk-20,https://github.com/eisop/jdk/tree/jdk-20/src/java.base/share/classes/java/util/regex/MatchResult.java,default boolean hasMatch();,13,False
jdk-20,https://github.com/eisop/jdk/tree/jdk-20/src/java.base/share/classes/java/util/zip/Inflater.java,boolean hasPendingOutput();,0,False
jdk-20,https://github.com/eisop/jdk/tree/jdk-20/src/java.base/share/classes/java/util/zip/ZipInputStream.java,@Override,0,False
jdk-20,https://github.com/eisop/jdk/tree/jdk-20/src/java.base/share/classes/java/util/zip/ZipInputStream.java,public int read() throws IOException;,1,False
jdk-20,https://github.com/eisop/jdk/tree/jdk-20/src/java.base/share/classes/java/util/zip/ZipInputStream.java,@Override,2,False
jdk-20,https://github.com/eisop/jdk/tree/jdk-20/src/java.base/share/classes/java/util/zip/ZipInputStream.java,public byte[] readAllBytes() throws IOException;,3,False
jdk-20,https://github.com/eisop/jdk/tree/jdk-20/src/java.base/share/classes/java/util/zip/ZipInputStream.java,@Override,4,False
jdk-20,https://github.com/eisop/jdk/tree/jdk-20/src/java.base/share/classes/java/util/zip/ZipInputStream.java,public byte[] readNBytes(int len) throws IOException;,5,False
jdk-20,https://github.com/eisop/jdk/tree/jdk-20/src/java.base/share/classes/java/util/zip/ZipInputStream.java,@Override,6,False
jdk-20,https://github.com/eisop/jdk/tree/jdk-20/src/java.base/share/classes/java/util/zip/ZipInputStream.java,"public int readNBytes(byte[] b, int off, int len) throws IOException;",7,False
jdk-20,https://github.com/eisop/jdk/tree/jdk-20/src/java.base/share/classes/java/util/zip/ZipInputStream.java,@Override,8,False
jdk-20,https://github.com/eisop/jdk/tree/jdk-20/src/java.base/share/classes/java/util/zip/ZipInputStream.java,public void skipNBytes(long n) throws IOException;,9,False
jdk-20,https://github.com/eisop/jdk/tree/jdk-20/src/java.base/share/classes/java/util/zip/ZipInputStream.java,@Override,10,False
jdk-20,https://github.com/eisop/jdk/tree/jdk-20/src/java.base/share/classes/java/util/zip/ZipInputStream.java,public long transferTo(OutputStream out) throws IOException;,11,False
jdk-20,https://github.com/eisop/jdk/tree/jdk-20/src/java.base/share/classes/java/util/concurrent/ForkJoinPool.java,public <T> ForkJoinTask<T> externalSubmit(ForkJoinTask<T> task);,0,False
jdk-20,https://github.com/eisop/jdk/tree/jdk-20/src/java.base/share/classes/java/security/KeyRep.java,public enum Type {,0,False
jdk-20,https://github.com/eisop/jdk/tree/jdk-20/src/java.base/share/classes/java/security/UnresolvedPermission.java,@Override,0,False
jdk-20,https://github.com/eisop/jdk/tree/jdk-20/src/java.base/share/classes/java/security/UnresolvedPermission.java,@Override,1,False
jdk-20,https://github.com/eisop/jdk/tree/jdk-20/src/java.base/share/classes/java/security/UnresolvedPermission.java,@Override,2,False
jdk-20,https://github.com/eisop/jdk/tree/jdk-20/src/java.base/share/classes/java/security/UnresolvedPermission.java,@Override,3,False
jdk-20,https://github.com/eisop/jdk/tree/jdk-20/src/java.base/share/classes/java/security/UnresolvedPermission.java,@Override,4,False
jdk-20,https://github.com/eisop/jdk/tree/jdk-20/src/java.base/share/classes/java/security/UnresolvedPermission.java,@Override,5,False
jdk-20,https://github.com/eisop/jdk/tree/jdk-20/src/java.base/share/classes/java/security/Security.java,private static class Criteria {,0,False
jdk-20,https://github.com/eisop/jdk/tree/jdk-20/src/java.base/share/classes/java/security/Principal.java,boolean equals(@Nullable Object another);,0,False
jdk-20,https://github.com/eisop/jdk/tree/jdk-20/src/java.base/share/classes/java/security/Principal.java,String toString();,1,False
jdk-20,https://github.com/eisop/jdk/tree/jdk-20/src/java.base/share/classes/java/security/Principal.java,int hashCode();,2,False
jdk-20,https://github.com/eisop/jdk/tree/jdk-20/src/java.base/share/classes/java/security/Principal.java,String getName();,3,False
jdk-20,https://github.com/eisop/jdk/tree/jdk-20/src/java.base/share/classes/java/security/Principal.java,default boolean implies(Subject subject);,4,False
jdk-20,https://github.com/eisop/jdk/tree/jdk-20/src/java.base/share/classes/java/security/SecureClassLoader.java,private record CodeSourceKey(CodeSource cs) {,0,False
jdk-20,https://github.com/eisop/jdk/tree/jdk-20/src/java.base/share/classes/java/security/Key.java,long serialVersionUID;,0,False
jdk-20,https://github.com/eisop/jdk/tree/jdk-20/src/java.base/share/classes/java/security/Key.java,String getAlgorithm();,1,False
jdk-20,https://github.com/eisop/jdk/tree/jdk-20/src/java.base/share/classes/java/security/Key.java,String getFormat();,2,False
jdk-20,https://github.com/eisop/jdk/tree/jdk-20/src/java.base/share/classes/java/security/Key.java,byte @Nullable [] getEncoded();,3,False
jdk-20,https://github.com/eisop/jdk/tree/jdk-20/src/java.base/share/classes/java/security/KeyStore.java,public interface LoadStoreParameter {,0,False
jdk-20,https://github.com/eisop/jdk/tree/jdk-20/src/java.base/share/classes/java/security/KeyStore.java,ProtectionParameter getProtectionParameter();,1,False
jdk-20,https://github.com/eisop/jdk/tree/jdk-20/src/java.base/share/classes/java/security/KeyStore.java,public interface ProtectionParameter {,2,False
jdk-20,https://github.com/eisop/jdk/tree/jdk-20/src/java.base/share/classes/java/security/KeyStore.java,public interface Entry {,3,False
jdk-20,https://github.com/eisop/jdk/tree/jdk-20/src/java.base/share/classes/java/security/KeyStore.java,default Set<Attribute> getAttributes();,4,False
jdk-20,https://github.com/eisop/jdk/tree/jdk-20/src/java.base/share/classes/java/security/KeyStore.java,interface Attribute {,5,False
jdk-20,https://github.com/eisop/jdk/tree/jdk-20/src/java.base/share/classes/java/security/KeyStore.java,String getName();,6,False
jdk-20,https://github.com/eisop/jdk/tree/jdk-20/src/java.base/share/classes/java/security/KeyStore.java,String getValue();,7,False
jdk-20,https://github.com/eisop/jdk/tree/jdk-20/src/java.base/share/classes/java/security/cert/CertStore.java,public static String getDefaultType();,0,False
jdk-20,https://github.com/eisop/jdk/tree/jdk-20/src/java.base/share/classes/java/security/interfaces/ECPrivateKey.java,long serialVersionUID;,0,False
jdk-20,https://github.com/eisop/jdk/tree/jdk-20/src/java.base/share/classes/java/io/SequenceInputStream.java,@Override,0,False
jdk-20,https://github.com/eisop/jdk/tree/jdk-20/src/java.base/share/classes/java/io/SequenceInputStream.java,public long transferTo(OutputStream out) throws IOException;,1,False
jdk-20,https://github.com/eisop/jdk/tree/jdk-20/src/java.base/share/classes/java/io/PushbackInputStream.java,@Override,0,False
jdk-20,https://github.com/eisop/jdk/tree/jdk-20/src/java.base/share/classes/java/io/PushbackInputStream.java,public long transferTo(OutputStream out) throws IOException;,1,False
jdk-20,https://github.com/eisop/jdk/tree/jdk-20/src/java.base/share/classes/java/io/BufferedInputStream.java,@Override,0,False
jdk-20,https://github.com/eisop/jdk/tree/jdk-20/src/java.base/share/classes/java/io/BufferedInputStream.java,public long transferTo(OutputStream out) throws IOException;,1,False
jdk-20,https://github.com/eisop/jdk/tree/jdk-20/src/java.base/share/classes/java/io/Console.java,public class Console implements Flushable {,0,False
jdk-20,https://github.com/eisop/jdk/tree/jdk-20/src/java.base/share/classes/java/math/BigInteger.java,"static void putSignAndMag(BigInteger bi, int sign, int[] magnitude);",0,False
jdk-20,https://github.com/eisop/jdk/tree/jdk-20/src/java.base/share/classes/java/math/BigDecimal.java,"static void setIntValAndScale(BigDecimal bd, BigInteger intVal, int scale);",0,False
jdk-20,https://github.com/eisop/jdk/tree/jdk-20/src/java.base/share/classes/java/lang/Integer.java,@IntrinsicCandidate,0,False
jdk-20,https://github.com/eisop/jdk/tree/jdk-20/src/java.base/share/classes/java/lang/Integer.java,@IntrinsicCandidate,1,False
jdk-20,https://github.com/eisop/jdk/tree/jdk-20/src/java.base/share/classes/java/lang/StackTraceElement.java,@Override,0,False
jdk-20,https://github.com/eisop/jdk/tree/jdk-20/src/java.base/share/classes/java/lang/Float.java,@IntrinsicCandidate,0,False
jdk-20,https://github.com/eisop/jdk/tree/jdk-20/src/java.base/share/classes/java/lang/Float.java,@IntrinsicCandidate,1,False
jdk-20,https://github.com/eisop/jdk/tree/jdk-20/src/java.base/share/classes/java/lang/Float.java,public static float float16ToFloat(short floatBinary16);,2,False
jdk-20,https://github.com/eisop/jdk/tree/jdk-20/src/java.base/share/classes/java/lang/Float.java,@IntrinsicCandidate,3,False
jdk-20,https://github.com/eisop/jdk/tree/jdk-20/src/java.base/share/classes/java/lang/Float.java,public static short floatToFloat16(float f);,4,False
jdk-20,https://github.com/eisop/jdk/tree/jdk-20/src/java.base/share/classes/java/lang/Long.java,@IntrinsicCandidate,0,False
jdk-20,https://github.com/eisop/jdk/tree/jdk-20/src/java.base/share/classes/java/lang/Long.java,@IntrinsicCandidate,1,False
jdk-20,https://github.com/eisop/jdk/tree/jdk-20/src/java.base/share/classes/java/lang/Class.java,public Set<AccessFlag> accessFlags();,0,False
jdk-20,https://github.com/eisop/jdk/tree/jdk-20/src/java.base/share/classes/java/lang/String.java,"static int checkBoundsOffCount(int offset, int count, int length);",0,False
jdk-20,https://github.com/eisop/jdk/tree/jdk-20/src/java.base/share/classes/java/lang/Character.java,public static final UnicodeBlock ARABIC_EXTENDED_C;,0,False
jdk-20,https://github.com/eisop/jdk/tree/jdk-20/src/java.base/share/classes/java/lang/Character.java,public static final UnicodeBlock DEVANAGARI_EXTENDED_A;,1,False
jdk-20,https://github.com/eisop/jdk/tree/jdk-20/src/java.base/share/classes/java/lang/Character.java,public static final UnicodeBlock KAWI;,2,False
jdk-20,https://github.com/eisop/jdk/tree/jdk-20/src/java.base/share/classes/java/lang/Character.java,public static final UnicodeBlock KAKTOVIK_NUMERALS;,3,False
jdk-20,https://github.com/eisop/jdk/tree/jdk-20/src/java.base/share/classes/java/lang/Character.java,public static final UnicodeBlock CYRILLIC_EXTENDED_D;,4,False
jdk-20,https://github.com/eisop/jdk/tree/jdk-20/src/java.base/share/classes/java/lang/Character.java,public static final UnicodeBlock NAG_MUNDARI;,5,False
jdk-20,https://github.com/eisop/jdk/tree/jdk-20/src/java.base/share/classes/java/lang/Character.java,public static final UnicodeBlock CJK_UNIFIED_IDEOGRAPHS_EXTENSION_H;,6,False
jdk-20,https://github.com/eisop/jdk/tree/jdk-20/src/java.base/share/classes/java/lang/Character.java,"KAWI,",7,False
jdk-20,https://github.com/eisop/jdk/tree/jdk-20/src/java.base/share/classes/java/lang/Character.java,"NAG_MUNDARI,",8,False
jdk-20,https://github.com/eisop/jdk/tree/jdk-20/src/java.base/share/classes/java/lang/ThreadLocal.java,boolean isCarrierThreadLocalPresent();,0,False
jdk-20,https://github.com/eisop/jdk/tree/jdk-20/src/java.base/share/classes/java/lang/ThreadLocal.java,void removeCarrierThreadLocal();,1,False
jdk-20,https://github.com/eisop/jdk/tree/jdk-20/src/java.base/share/classes/java/lang/Double.java,@IntrinsicCandidate,0,False
jdk-20,https://github.com/eisop/jdk/tree/jdk-20/src/java.base/share/classes/java/lang/Thread.java,static Object scopedValueBindings();,0,False
jdk-20,https://github.com/eisop/jdk/tree/jdk-20/src/java.base/share/classes/java/lang/Thread.java,static void setScopedValueBindings(Object bindings);,1,False
jdk-20,https://github.com/eisop/jdk/tree/jdk-20/src/java.base/share/classes/java/lang/Thread.java,@IntrinsicCandidate,2,False
jdk-20,https://github.com/eisop/jdk/tree/jdk-20/src/java.base/share/classes/java/lang/Thread.java,static native Object findScopedValueBindings();,3,False
jdk-20,https://github.com/eisop/jdk/tree/jdk-20/src/java.base/share/classes/java/lang/Thread.java,void inheritScopedValueBindings(ThreadContainer container);,4,False
jdk-20,https://github.com/eisop/jdk/tree/jdk-20/src/java.base/share/classes/java/lang/Thread.java,static native Object[] scopedValueCache();,5,False
jdk-20,https://github.com/eisop/jdk/tree/jdk-20/src/java.base/share/classes/java/lang/Thread.java,static native void setScopedValueCache(Object[] cache);,6,False
jdk-20,https://github.com/eisop/jdk/tree/jdk-20/src/java.base/share/classes/java/lang/Thread.java,@IntrinsicCandidate,7,False
jdk-20,https://github.com/eisop/jdk/tree/jdk-20/src/java.base/share/classes/java/lang/Thread.java,static native void ensureMaterializedForStackWalk(Object o);,8,False
jdk-20,https://github.com/eisop/jdk/tree/jdk-20/src/java.base/share/classes/java/lang/invoke/LambdaForm.java,String debugString(int indentLevel);,0,False
jdk-20,https://github.com/eisop/jdk/tree/jdk-20/src/java.base/share/classes/java/lang/module/ModuleDescriptor.java,"OPEN(AccessFlag.OPEN.mask()), AUTOMATIC(0), SYNTHETIC(AccessFlag.SYNTHETIC.mask()), MANDATED(AccessFlag.MANDATED.mask())",0,False
jdk-20,https://github.com/eisop/jdk/tree/jdk-20/src/java.base/share/classes/java/lang/module/ModuleDescriptor.java,"TRANSITIVE(AccessFlag.TRANSITIVE.mask()), STATIC(AccessFlag.STATIC_PHASE.mask()), SYNTHETIC(AccessFlag.SYNTHETIC.mask()), MANDATED(AccessFlag.MANDATED.mask())",1,False
jdk-20,https://github.com/eisop/jdk/tree/jdk-20/src/java.base/share/classes/java/lang/module/ModuleDescriptor.java,public Set<AccessFlag> accessFlags();,2,False
jdk-20,https://github.com/eisop/jdk/tree/jdk-20/src/java.base/share/classes/java/lang/module/ModuleDescriptor.java,"SYNTHETIC(AccessFlag.SYNTHETIC.mask()), MANDATED(AccessFlag.MANDATED.mask())",3,False
jdk-20,https://github.com/eisop/jdk/tree/jdk-20/src/java.base/share/classes/java/lang/module/ModuleDescriptor.java,public Set<AccessFlag> accessFlags();,4,False
jdk-20,https://github.com/eisop/jdk/tree/jdk-20/src/java.base/share/classes/java/lang/module/ModuleDescriptor.java,"SYNTHETIC(AccessFlag.SYNTHETIC.mask()), MANDATED(AccessFlag.MANDATED.mask())",5,False
jdk-20,https://github.com/eisop/jdk/tree/jdk-20/src/java.base/share/classes/java/lang/module/ModuleDescriptor.java,public Set<AccessFlag> accessFlags();,6,False
jdk-20,https://github.com/eisop/jdk/tree/jdk-20/src/java.base/share/classes/java/lang/module/ModuleDescriptor.java,public Set<AccessFlag> accessFlags();,7,False
jdk-20,https://github.com/eisop/jdk/tree/jdk-20/src/java.base/share/classes/java/lang/reflect/Parameter.java,public Set<AccessFlag> accessFlags();,0,False
jdk-20,https://github.com/eisop/jdk/tree/jdk-20/src/java.base/share/classes/java/lang/reflect/Executable.java,@Override,0,False
jdk-20,https://github.com/eisop/jdk/tree/jdk-20/src/java.base/share/classes/java/lang/reflect/Executable.java,public Set<AccessFlag> accessFlags();,1,False
jdk-20,https://github.com/eisop/jdk/tree/jdk-20/src/java.base/share/classes/java/lang/reflect/Executable.java,public abstract int getParameterCount();,2,False
jdk-20,https://github.com/eisop/jdk/tree/jdk-20/src/java.base/share/classes/java/lang/reflect/Executable.java,"record ParameterData(@Stable Parameter[] parameters, boolean isReal) {",3,False
jdk-20,https://github.com/eisop/jdk/tree/jdk-20/src/java.base/share/classes/java/lang/reflect/Proxy.java,"if (!module.isOpen(packageName, Proxy.class.getModule())) {",0,False
jdk-20,https://github.com/eisop/jdk/tree/jdk-20/src/java.base/share/classes/java/lang/reflect/Proxy.java,"throw new InternalError(packageName + "" not open to "" + Proxy.class.getModule());",1,False
jdk-20,https://github.com/eisop/jdk/tree/jdk-20/src/java.base/share/classes/java/lang/reflect/Proxy.java,if (Modifier.isPublic(accessFlags)) {,9,False
jdk-20,https://github.com/eisop/jdk/tree/jdk-20/src/java.base/share/classes/java/lang/reflect/Proxy.java,"throw new InternalError(""public proxy in unnamed module: "" + module);",10,False
jdk-20,https://github.com/eisop/jdk/tree/jdk-20/src/java.base/share/classes/java/lang/reflect/Proxy.java,if ((accessFlags & ~Modifier.PUBLIC) != 0) {,11,False
jdk-20,https://github.com/eisop/jdk/tree/jdk-20/src/java.base/share/classes/java/lang/reflect/Proxy.java,"throw new InternalError(""proxy access flags must be Modifier.PUBLIC or 0"");",12,False
jdk-20,https://github.com/eisop/jdk/tree/jdk-20/src/java.base/share/classes/java/lang/reflect/Proxy.java,"private record ProxyClassContext(Module module, String packageName, int accessFlags) {",2,False
jdk-20,https://github.com/eisop/jdk/tree/jdk-20/src/java.base/share/classes/java/lang/reflect/Proxy.java,private ProxyClassContext {,3,False
jdk-20,https://github.com/eisop/jdk/tree/jdk-20/src/java.base/share/classes/java/lang/reflect/Proxy.java,if (module.isNamed()) {,4,False
jdk-20,https://github.com/eisop/jdk/tree/jdk-20/src/java.base/share/classes/java/lang/reflect/Proxy.java,if (packageName.isEmpty()) {,5,False
jdk-20,https://github.com/eisop/jdk/tree/jdk-20/src/java.base/share/classes/java/lang/reflect/Proxy.java,"throw new InternalError(""Unnamed package cannot be added to "" + module);",6,False
jdk-20,https://github.com/eisop/jdk/tree/jdk-20/src/java.base/share/classes/java/lang/reflect/Proxy.java,if (!module.getDescriptor().packages().contains(packageName)) {,7,False
jdk-20,https://github.com/eisop/jdk/tree/jdk-20/src/java.base/share/classes/java/lang/reflect/Proxy.java,"throw new InternalError(packageName + "" not exist in "" + module.getName());",8,False
jdk-20,https://github.com/eisop/jdk/tree/jdk-20/src/java.base/share/classes/java/lang/reflect/Field.java,@Override,0,False
jdk-20,https://github.com/eisop/jdk/tree/jdk-20/src/java.base/share/classes/java/lang/reflect/Field.java,public Set<AccessFlag> accessFlags();,1,False
jdk-20,https://github.com/eisop/jdk/tree/jdk-20/src/java.base/share/classes/java/nio/file/spi/FileSystemProvider.java,"public boolean exists(Path path, LinkOption... options);",0,False
jdk-20,https://github.com/eisop/jdk/tree/jdk-20/src/java.base/share/classes/java/nio/file/spi/FileSystemProvider.java,"public <A extends BasicFileAttributes> A readAttributesIfExists(Path path, Class<A> type, LinkOption... options) throws IOException;",1,False
jdk-20,https://github.com/eisop/jdk/tree/jdk-20/src/java.base/share/classes/java/nio/channels/FileChannel.java,"public MemorySegment map(MapMode mode, long offset, long size, SegmentScope session) throws IOException;",0,False
jdk-20,https://github.com/eisop/jdk/tree/jdk-20/src/java.base/share/classes/java/text/RBCollationTables.java,"static void reverse(StringBuilder result, int from, int to);",0,False
jdk-20,https://github.com/eisop/jdk/tree/jdk-20/src/java.base/share/classes/java/text/PatternEntry.java,"void addToBuilder(StringBuilder toAddTo, boolean showExtension, boolean showWhiteSpace, PatternEntry lastEntry);",0,False
jdk-20,https://github.com/eisop/jdk/tree/jdk-20/src/java.net.http/share/classes/jdk/internal/net/http/ConnectionPool.java,"static CacheKey cacheKey(boolean secure, InetSocketAddress destination, InetSocketAddress proxy);",0,False
jdk-20,https://github.com/eisop/jdk/tree/jdk-20/src/java.sql.rowset/share/classes/javax/sql/rowset/serial/SerialDatalink.java,"@SuppressWarnings(""deprecation"")",0,False
jdk-20,https://github.com/eisop/jdk/tree/jdk-20/src/java.naming/share/classes/javax/naming/spi/NamingManager.java,public static void setObjectFactoryBuilder(ObjectFactoryBuilder builder) throws NamingException;,0,False
jdk-20,https://github.com/eisop/jdk/tree/jdk-20/src/java.naming/share/classes/javax/naming/spi/NamingManager.java,static ObjectFactoryBuilder getObjectFactoryBuilder();,1,False
jdk-20,https://github.com/eisop/jdk/tree/jdk-20/src/jdk.javadoc/share/classes/jdk/javadoc/internal/doclets/formats/html/HtmlDocletWriter.java,public TagletWriterImpl getTagletWriterInstance(TagletWriterImpl.Context context);,0,False
jdk-20,https://github.com/eisop/jdk/tree/jdk-20/src/jdk.javadoc/share/classes/jdk/javadoc/internal/doclets/formats/html/HtmlDocletWriter.java,"public Content getPackageLink(PackageElement packageElement, Content label, String fragment);",1,False
jdk-20,https://github.com/eisop/jdk/tree/jdk-20/src/jdk.javadoc/share/classes/jdk/javadoc/internal/doclets/formats/html/HtmlDocletWriter.java,"public Content getModuleLink(ModuleElement mdle, Content label, String fragment);",2,False
jdk-20,https://github.com/eisop/jdk/tree/jdk-20/src/jdk.javadoc/share/classes/jdk/javadoc/internal/doclets/formats/html/HtmlDocletWriter.java,public URI resolveExternalSpecURI(URI specURI);,3,False
jdk-20,https://github.com/eisop/jdk/tree/jdk-20/src/jdk.javadoc/share/classes/jdk/javadoc/internal/doclets/formats/html/ModuleWriterImpl.java,"public void addIndirectPackages(Table<?> table, Map<ModuleElement, SortedSet<PackageElement>> ip);",0,False
jdk-20,https://github.com/eisop/jdk/tree/jdk-20/src/jdk.javadoc/share/classes/jdk/javadoc/internal/doclets/formats/html/ModuleWriterImpl.java,public void addUsesList(Table<?> table);,1,False
jdk-20,https://github.com/eisop/jdk/tree/jdk-20/src/jdk.javadoc/share/classes/jdk/javadoc/internal/doclets/formats/html/ModuleWriterImpl.java,public void addProvidesList(Table<?> table);,2,False
jdk-20,https://github.com/eisop/jdk/tree/jdk-20/src/jdk.javadoc/share/classes/jdk/javadoc/internal/doclets/formats/html/HtmlConfiguration.java,"EXTERNAL_SPECS,",0,False
jdk-20,https://github.com/eisop/jdk/tree/jdk-20/src/jdk.javadoc/share/classes/jdk/javadoc/internal/doclets/formats/html/markup/TextBuilder.java,"public boolean write(Writer out, String newline, boolean atNewline) throws IOException;",0,False
jdk-20,https://github.com/eisop/jdk/tree/jdk-20/src/jdk.javadoc/share/classes/jdk/javadoc/internal/doclets/formats/html/markup/Text.java,static int charCount(CharSequence cs);,0,False
jdk-20,https://github.com/eisop/jdk/tree/jdk-20/src/jdk.javadoc/share/classes/jdk/javadoc/internal/doclets/formats/html/markup/Text.java,"public boolean write(Writer out, String newline, boolean atNewline) throws IOException;",1,False
jdk-20,https://github.com/eisop/jdk/tree/jdk-20/src/jdk.javadoc/share/classes/jdk/javadoc/internal/doclets/formats/html/markup/Text.java,public static final String NL;,2,False
jdk-20,https://github.com/eisop/jdk/tree/jdk-20/src/jdk.javadoc/share/classes/jdk/javadoc/internal/doclets/formats/html/markup/Text.java,public static CharSequence normalizeNewlines(CharSequence text);,3,False
jdk-20,https://github.com/eisop/jdk/tree/jdk-20/src/jdk.javadoc/share/classes/jdk/javadoc/internal/doclets/formats/html/markup/Text.java,static boolean checkNewlines(CharSequence cs);,4,False
jdk-20,https://github.com/eisop/jdk/tree/jdk-20/src/jdk.javadoc/share/classes/jdk/javadoc/internal/doclets/formats/html/markup/Comment.java,"public boolean write(Writer out, String newline, boolean atNewline) throws IOException;",0,False
jdk-20,https://github.com/eisop/jdk/tree/jdk-20/src/jdk.javadoc/share/classes/jdk/javadoc/internal/doclets/formats/html/markup/HtmlTree.java,public static HtmlTree DETAILS();,0,False
jdk-20,https://github.com/eisop/jdk/tree/jdk-20/src/jdk.javadoc/share/classes/jdk/javadoc/internal/doclets/formats/html/markup/HtmlTree.java,"public boolean write(Writer out, String newline, boolean atNewline) throws IOException;",1,False
jdk-20,https://github.com/eisop/jdk/tree/jdk-20/src/jdk.javadoc/share/classes/jdk/javadoc/internal/doclets/formats/html/markup/RawHtml.java,protected final String rawHtmlContent;,0,False
jdk-20,https://github.com/eisop/jdk/tree/jdk-20/src/jdk.javadoc/share/classes/jdk/javadoc/internal/doclets/formats/html/markup/RawHtml.java,public static RawHtml of(CharSequence rawHtml);,1,False
jdk-20,https://github.com/eisop/jdk/tree/jdk-20/src/jdk.javadoc/share/classes/jdk/javadoc/internal/doclets/formats/html/markup/RawHtml.java,"public static RawHtml startElement(CharSequence name, Content attrs, boolean selfClosing);",2,False
jdk-20,https://github.com/eisop/jdk/tree/jdk-20/src/jdk.javadoc/share/classes/jdk/javadoc/internal/doclets/formats/html/markup/RawHtml.java,public static RawHtml endElement(CharSequence name);,3,False
jdk-20,https://github.com/eisop/jdk/tree/jdk-20/src/jdk.javadoc/share/classes/jdk/javadoc/internal/doclets/formats/html/markup/RawHtml.java,public static RawHtml comment(String body);,4,False
jdk-20,https://github.com/eisop/jdk/tree/jdk-20/src/jdk.javadoc/share/classes/jdk/javadoc/internal/doclets/formats/html/markup/RawHtml.java,public static RawHtml cdata(String body);,5,False
jdk-20,https://github.com/eisop/jdk/tree/jdk-20/src/jdk.javadoc/share/classes/jdk/javadoc/internal/doclets/formats/html/markup/RawHtml.java,protected static int charCount(CharSequence htmlText);,6,False
jdk-20,https://github.com/eisop/jdk/tree/jdk-20/src/jdk.javadoc/share/classes/jdk/javadoc/internal/doclets/formats/html/markup/RawHtml.java,"public boolean write(Writer out, String newline, boolean atNewline) throws IOException;",7,False
jdk-20,https://github.com/eisop/jdk/tree/jdk-20/src/jdk.javadoc/share/classes/jdk/javadoc/internal/doclets/formats/html/markup/ContentBuilder.java,"public boolean write(Writer writer, String newline, boolean atNewline) throws IOException;",0,False
jdk-20,https://github.com/eisop/jdk/tree/jdk-20/src/jdk.javadoc/share/classes/jdk/javadoc/internal/doclets/formats/html/markup/Script.java,"public boolean write(Writer writer, String newline, boolean atNewline) throws IOException;",0,False
jdk-20,https://github.com/eisop/jdk/tree/jdk-20/src/jdk.javadoc/share/classes/jdk/javadoc/internal/doclets/toolkit/WorkArounds.java,"public Map<? extends ExecutableElement, ? extends AnnotationValue> getJepInfo(String feature);",0,False
jdk-20,https://github.com/eisop/jdk/tree/jdk-20/src/jdk.javadoc/share/classes/jdk/javadoc/internal/doclets/toolkit/Content.java,"public abstract boolean write(Writer writer, String newline, boolean atNewline) throws IOException;",0,False
jdk-20,https://github.com/eisop/jdk/tree/jdk-20/src/jdk.javadoc/share/classes/jdk/javadoc/internal/doclets/toolkit/util/CommentHelper.java,public String getReferencedFragment(String signature);,0,False
jdk-20,https://github.com/eisop/jdk/tree/jdk-20/src/jdk.javadoc/share/classes/jdk/javadoc/internal/doclets/toolkit/util/CommentHelper.java,public Element getReferencedElement(DocTree dtree);,1,False
jdk-20,https://github.com/eisop/jdk/tree/jdk-20/src/jdk.javadoc/share/classes/jdk/javadoc/internal/doclets/toolkit/util/Utils.java,@Pure,0,False
jdk-20,https://github.com/eisop/jdk/tree/jdk-20/src/jdk.javadoc/share/classes/jdk/javadoc/internal/doclets/toolkit/util/Utils.java,@Pure,1,False
jdk-20,https://github.com/eisop/jdk/tree/jdk-20/src/jdk.javadoc/share/classes/jdk/javadoc/internal/doclets/toolkit/util/Utils.java,public Object getPreviewFeature(Element e);,2,False
jdk-20,https://github.com/eisop/jdk/tree/jdk-20/src/jdk.javadoc/share/classes/jdk/javadoc/internal/doclets/toolkit/util/Utils.java,@Pure,3,False
jdk-20,https://github.com/eisop/jdk/tree/jdk-20/src/jdk.javadoc/share/classes/jdk/javadoc/internal/doclets/toolkit/util/Utils.java,@Pure,4,False
jdk-20,https://github.com/eisop/jdk/tree/jdk-20/src/jdk.javadoc/share/classes/jdk/javadoc/internal/doclets/toolkit/util/Utils.java,@Pure,5,False
jdk-20,https://github.com/eisop/jdk/tree/jdk-20/src/jdk.javadoc/share/classes/jdk/javadoc/internal/doclets/toolkit/util/Utils.java,@Pure,6,False
jdk-20,https://github.com/eisop/jdk/tree/jdk-20/src/jdk.javadoc/share/classes/jdk/javadoc/internal/doclets/toolkit/util/Utils.java,public List<? extends SpecTree> getSpecTrees(Element element);,7,False
jdk-20,https://github.com/eisop/jdk/tree/jdk-20/src/jdk.javadoc/share/classes/jdk/javadoc/internal/doclets/toolkit/util/Utils.java,@Pure,8,False
jdk-20,https://github.com/eisop/jdk/tree/jdk-20/src/jdk.javadoc/share/classes/jdk/javadoc/internal/doclets/toolkit/util/Utils.java,@Pure,9,False
jdk-20,https://github.com/eisop/jdk/tree/jdk-20/src/jdk.javadoc/share/classes/jdk/javadoc/internal/doclets/toolkit/util/Utils.java,public DocFinder docFinder();,10,False
jdk-20,https://github.com/eisop/jdk/tree/jdk-20/src/jdk.javadoc/share/classes/jdk/javadoc/internal/doclets/toolkit/taglets/SimpleTaglet.java,"public Output inherit(Element owner, DocTree tag, boolean isFirstSentence, BaseConfiguration configuration);",0,False
jdk-20,https://github.com/eisop/jdk/tree/jdk-20/src/jdk.javadoc/share/classes/jdk/javadoc/internal/doclets/toolkit/taglets/SimpleTaglet.java,"record Documentation(DocTree tag, List<? extends DocTree> description, ExecutableElement method) {",1,False
jdk-20,https://github.com/eisop/jdk/tree/jdk-20/src/jdk.jlink/share/classes/jdk/tools/jmod/JmodOutputStream.java,"static JmodOutputStream newOutputStream(Path file, LocalDateTime date, int compressLevel) throws IOException;",0,False
jdk-20,https://github.com/eisop/jdk/tree/jdk-20/src/java.desktop/share/classes/sun/font/AttributeValues.java,"@SuppressWarnings(""unchecked"")",0,False
jdk-20,https://github.com/eisop/jdk/tree/jdk-20/src/java.desktop/share/classes/sun/font/AttributeValues.java,"public static float getTracking(Map<?, ?> map);",1,False
jdk-20,https://github.com/eisop/jdk/tree/jdk-20/src/java.desktop/share/classes/javax/swing/AbstractButton.java,public void setMultiClickThreshhold(long threshold);,0,False
jdk-20,https://github.com/eisop/jdk/tree/jdk-20/src/java.desktop/share/classes/javax/swing/text/DefaultEditorKit.java,static class EndLineDownAction extends TextAction {,0,False
jdk-20,https://github.com/eisop/jdk/tree/jdk-20/src/java.desktop/share/classes/javax/swing/text/DefaultEditorKit.java,"@SuppressWarnings(""deprecation"")",4,False
jdk-20,https://github.com/eisop/jdk/tree/jdk-20/src/java.desktop/share/classes/javax/swing/text/DefaultEditorKit.java,public void actionPerformed(ActionEvent e);,5,False
jdk-20,https://github.com/eisop/jdk/tree/jdk-20/src/java.desktop/share/classes/javax/swing/text/DefaultEditorKit.java,"@SuppressWarnings(""serial"")",6,False
jdk-20,https://github.com/eisop/jdk/tree/jdk-20/src/java.desktop/share/classes/javax/swing/text/DefaultEditorKit.java,static class BeginLineUpAction extends TextAction {,1,False
jdk-20,https://github.com/eisop/jdk/tree/jdk-20/src/java.desktop/share/classes/javax/swing/text/DefaultEditorKit.java,"@SuppressWarnings(""deprecation"")",7,False
jdk-20,https://github.com/eisop/jdk/tree/jdk-20/src/java.desktop/share/classes/javax/swing/text/DefaultEditorKit.java,public void actionPerformed(ActionEvent e);,8,False
jdk-20,https://github.com/eisop/jdk/tree/jdk-20/src/java.desktop/share/classes/javax/swing/text/DefaultEditorKit.java,"@SuppressWarnings(""serial"")",9,False
jdk-20,https://github.com/eisop/jdk/tree/jdk-20/src/java.desktop/share/classes/javax/swing/text/DefaultEditorKit.java,public static final String beginLineUpAction;,2,False
jdk-20,https://github.com/eisop/jdk/tree/jdk-20/src/java.desktop/share/classes/javax/swing/text/DefaultEditorKit.java,public static final String endLineDownAction;,3,False
jdk-20,https://github.com/eisop/jdk/tree/jdk-20/src/jdk.internal.vm.ci/share/classes/jdk.vm.ci.hotspot/src/jdk/vm/ci/hotspot/HotSpotResolvedJavaFieldImpl.java,@Override,0,False
jdk-20,https://github.com/eisop/jdk/tree/jdk-20/src/jdk.internal.vm.ci/share/classes/jdk.vm.ci.hotspot/src/jdk/vm/ci/hotspot/HotSpotResolvedJavaFieldImpl.java,public JavaConstant getConstantValue();,1,False
jdk-20,https://github.com/eisop/jdk/tree/jdk-20/src/jdk.internal.vm.ci/share/classes/jdk.vm.ci.hotspot/src/jdk/vm/ci/hotspot/HotSpotResolvedJavaMethodImpl.java,long getMethodPointer();,0,False
jdk-20,https://github.com/eisop/jdk/tree/jdk-20/src/jdk.internal.vm.ci/share/classes/jdk.vm.ci.meta/src/jdk/vm/ci/meta/PrimitiveConstant.java,public long getRawValue();,0,False
jdk-20,https://github.com/eisop/jdk/tree/jdk-20/src/jdk.internal.vm.ci/share/classes/jdk.vm.ci.meta/src/jdk/vm/ci/meta/Assumptions.java,@Override,0,False
jdk-20,https://github.com/eisop/jdk/tree/jdk-20/src/jdk.internal.vm.ci/share/classes/jdk.vm.ci.meta/src/jdk/vm/ci/meta/Assumptions.java,public String toString();,1,False
jdk-20,https://github.com/eisop/jdk/tree/jdk-20/src/jdk.internal.vm.ci/share/classes/jdk.vm.ci.meta/src/jdk/vm/ci/meta/Assumptions.java,public final ResolvedJavaType receiverType;,2,False
jdk-20,https://github.com/eisop/jdk/tree/jdk-20/src/jdk.internal.vm.ci/share/classes/jdk.vm.ci.code/src/jdk/vm/ci/code/RegisterSaveLayout.java,public int size();,0,False
jdk-20,https://github.com/eisop/jdk/tree/jdk-20/src/jdk.internal.vm.ci/share/classes/jdk.vm.ci.code/src/jdk/vm/ci/code/BytecodeFrame.java,public void verifyInvariants();,0,False
jdk-20,https://github.com/eisop/jdk/tree/jdk-20/src/jdk.internal.vm.ci/share/classes/jdk.vm.ci.code/src/jdk/vm/ci/code/StackLockValue.java,public AllocatableValue getSlot();,0,False
